{
    "spsp2": {
        "R_1_32": {
            "R": {
                "src_cnt": 15,
                "tgt_cnt": 25
            },
            "U": {
                "src_cos_smi": 0.07935037612915039,
                "tgt_cos_smi": 0.5308664321899415
            }
        }
    }
}