{
    "spsp2": {
        "wide_CR_8_8": {
            "R": {
                "rhythm_metrics": {
                    "src_cnt": 14,
                    "tgt_cnt": 26
                },
                "timbre_metrics": {
                    "src_cos_smi": 0.5430969715118408,
                    "tgt_cos_smi": 0.03735730648040771
                }
            },
            "U": {
                "rhythm_metrics": {
                    "src_cnt": 21,
                    "tgt_cnt": 19
                },
                "timbre_metrics": {
                    "src_cos_smi": 0.07270756959915162,
                    "tgt_cos_smi": 0.5390112400054932
                }
            }
        }
    }
}